system,ID,Donor,Aux,Bridge,Anchor,light_source,sigma_ev,PCF,PCC_nm,PCB_nm,B1_380_500_fraction,B2_500_600_fraction,B3_600_700_fraction,B4_700_780_fraction
D01_TPA_NONE_T_CAA,D01,TPA,NONE,T,CAA,AM15G,0.2,0.2014959594239617,474.76817172735264,39.45818902028292,0.7441624509981215,0.2532798543879417,0.002550847552812294,6.847061124528224e-06
D01_TPA_NONE_T_CAA,D01,TPA,NONE,T,CAA,CIEFL10,0.2,0.2653922223204901,475.54759999471236,41.644569588466055,0.7830177087802206,0.2127815624424382,0.0041991457751994025,1.5830021418266052e-06
D01_TPA_NONE_T_CAA,D01,TPA,NONE,T,CAA,LEDB2,0.2,0.13678224469397646,490.4558696796086,40.90354622276956,0.605225237627662,0.38693113227955894,0.00783936619577067,4.263897008497319e-06
D01_TPA_NONE_T_CAA,D01,TPA,NONE,T,CAA,LEDB3,0.2,0.20988405032809956,482.4684646591458,39.39703054063247,0.6678070938205363,0.3278495051958125,0.004341552480802121,1.8485028492141238e-06
D01_TPA_NONE_T_CAA,D01,TPA,NONE,T,CAA,LEDB4,0.2,0.2486893609624486,478.0125059181219,38.644359939342394,0.7134031739243504,0.28350793807912933,0.0030874372728784375,1.4507236419143778e-06
D02_TPA_NONE_T_RAA,D02,TPA,NONE,T,RAA,AM15G,0.2,0.23331536033970698,482.19591901770457,41.671413302954385,0.6738195455178407,0.3210353348838658,0.005126915259240635,1.820433905278778e-05
D02_TPA_NONE_T_RAA,D02,TPA,NONE,T,RAA,CIEFL10,0.2,0.31309482597399413,484.3943785370754,45.01245935103763,0.6997798425012445,0.2920363214240275,0.008179772793380452,4.063281347531192e-06
D02_TPA_NONE_T_RAA,D02,TPA,NONE,T,RAA,LEDB2,0.2,0.172050825246021,499.52024236577336,43.91080397355046,0.5137068199471799,0.4718616354993759,0.014421210427261149,1.0334126183199363e-05
D02_TPA_NONE_T_RAA,D02,TPA,NONE,T,RAA,LEDB3,0.2,0.2539792154050706,490.5194161046775,42.60193925637012,0.5848400755070642,0.40686877661590753,0.008286493791874773,4.654085153412943e-06
D02_TPA_NONE_T_RAA,D02,TPA,NONE,T,RAA,LEDB4,0.2,0.29553354542260374,485.93519485615764,42.46478728631008,0.6305759987318029,0.36343020897379513,0.005990066864796053,3.725429605984255e-06
D03_TPA_NONE_TT_CAA,D03,TPA,NONE,TT,CAA,AM15G,0.2,0.23294059945437923,481.2742524419813,41.51694832789111,0.6815084061367678,0.31374102016457656,0.004734426161889738,1.6147536765888403e-05
D03_TPA_NONE_TT_CAA,D03,TPA,NONE,TT,CAA,CIEFL10,0.2,0.31169727358636895,483.35324811823745,44.74168875472319,0.7089438512280305,0.2834624588580996,0.007590066534504033,3.6233793658666683e-06
D03_TPA_NONE_TT_CAA,D03,TPA,NONE,TT,CAA,LEDB2,0.2,0.169941418442792,498.54594620892993,43.61251997760766,0.5227057636284147,0.46381240844492805,0.013472549120115439,9.278806541746113e-06
D03_TPA_NONE_TT_CAA,D03,TPA,NONE,TT,CAA,LEDB3,0.2,0.25199558317037346,489.6418470830534,42.289187207796985,0.5931919937375479,0.39909506892811325,0.007708776897983324,4.160436355415074e-06
D03_TPA_NONE_TT_CAA,D03,TPA,NONE,TT,CAA,LEDB4,0.2,0.2936855406588246,485.0729387097784,42.10175924935483,0.6389653759048232,0.35546615996915915,0.005565139863649314,3.3242623684427902e-06
D04_TPA_NONE_TT_RAA,D04,TPA,NONE,TT,RAA,AM15G,0.2,0.26020992134988963,489.0429383262055,43.80010990089685,0.6105013530110809,0.38018413301723963,0.00927189463774661,4.261933393291576e-05
D04_TPA_NONE_TT_RAA,D04,TPA,NONE,TT,RAA,CIEFL10,0.2,0.35781535215317767,492.7361637006055,47.33106107046184,0.6205861553429296,0.3651653699547197,0.014239339181099132,9.135521251718446e-06
D04_TPA_NONE_TT_RAA,D04,TPA,NONE,TT,RAA,LEDB2,0.2,0.20759069353193646,507.99196563396947,46.17064621057582,0.4369533817258494,0.5390618873251543,0.023962578256935967,2.2152692060497208e-05
D04_TPA_NONE_TT_RAA,D04,TPA,NONE,TT,RAA,LEDB3,0.2,0.29526537021279753,498.093089186717,45.16063083040078,0.5131854207563215,0.47254056690230906,0.014263663958496974,1.0348382872569893e-05
D04_TPA_NONE_TT_RAA,D04,TPA,NONE,TT,RAA,LEDB4,0.2,0.339143156915407,493.4663096780529,45.37570132284154,0.5574642086585481,0.43209970028724287,0.010427686046150485,8.405008058560572e-06
D05_TPA_BTD_T_CAA,D05,TPA,BTD,T,CAA,AM15G,0.2,0.2683897566488263,504.58196081052716,50.24951395860434,0.4773351039247667,0.4905494699593531,0.031797609330660816,0.0003178167852192467
D05_TPA_BTD_T_CAA,D05,TPA,BTD,T,CAA,CIEFL10,0.2,0.3788772197997647,512.550116319288,50.083847948110154,0.4493011697745419,0.5056550190360084,0.0449809455876759,6.286560177383957e-05
D05_TPA_BTD_T_CAA,D05,TPA,BTD,T,CAA,LEDB2,0.2,0.25145289828320516,528.6991625752264,49.08324498853665,0.28424032942569244,0.6472219294205313,0.06840143157180748,0.0001363095819688014
D05_TPA_BTD_T_CAA,D05,TPA,BTD,T,CAA,LEDB3,0.2,0.3239897728025187,517.7971062598004,48.8337530395885,0.3557489357837978,0.5995262615782293,0.044654645688307494,7.015694966536507e-05
D05_TPA_BTD_T_CAA,D05,TPA,BTD,T,CAA,LEDB4,0.2,0.3590956285628179,513.0866797956338,49.41638666190006,0.3924205042655827,0.5738750894508802,0.03364504253574675,5.936374779024346e-05
D06_TPA_BTD_T_RAA,D06,TPA,BTD,T,RAA,AM15G,0.2,0.2996893085217921,504.1895288049034,51.495576040572665,0.47981208719398444,0.4861855224521149,0.03366592030569787,0.00033647004820282325
D06_TPA_BTD_T_RAA,D06,TPA,BTD,T,RAA,CIEFL10,0.2,0.42635604284998857,512.0713641891184,51.25269236419905,0.45002337752655824,0.5026733534666278,0.047237197086149506,6.607192066448059e-05
D06_TPA_BTD_T_RAA,D06,TPA,BTD,T,RAA,LEDB2,0.2,0.28136289750073046,529.5573165274487,49.766022051787296,0.2808927565709317,0.646708352416277,0.07225484277200533,0.00014404824078604112
D06_TPA_BTD_T_RAA,D06,TPA,BTD,T,RAA,LEDB3,0.2,0.36201748673179673,518.1257055814232,49.75179006445082,0.35574583813364646,0.596947180640409,0.04723273553389382,7.424569205070132e-05
D06_TPA_BTD_T_RAA,D06,TPA,BTD,T,RAA,LEDB4,0.2,0.40190169592909186,513.2603188796531,50.23024518218217,0.3933354792506387,0.5710759250093602,0.03552587795100513,6.271778899591956e-05
D07_TPA_BTD_TT_CAA,D07,TPA,BTD,TT,CAA,AM15G,0.2,0.31455246171233137,509.54589881800183,53.508200294380565,0.4410676702286381,0.5117359603542532,0.046620315734011014,0.0005760536830977105
D07_TPA_BTD_TT_CAA,D07,TPA,BTD,TT,CAA,CIEFL10,0.2,0.4522238818345766,517.8397983072686,51.88279237952657,0.40495159241930023,0.5315171952515371,0.06342103164861294,0.00011018068054978316
D07_TPA_BTD_TT_CAA,D07,TPA,BTD,TT,CAA,LEDB2,0.2,0.31121501528545287,535.9631669356335,50.245186614599845,0.24249800551261988,0.6630765203782147,0.09419357506544304,0.000231899043722393
D07_TPA_BTD_TT_CAA,D07,TPA,BTD,TT,CAA,LEDB3,0.2,0.3886470002980653,524.2947225649169,50.5915824640979,0.31405927596184074,0.6225137929818568,0.06330385026493399,0.00012308079136829803
D07_TPA_BTD_TT_CAA,D07,TPA,BTD,TT,CAA,LEDB4,0.2,0.42651305141797236,519.3436265161833,51.0508259845316,0.3489141533833089,0.602896025378674,0.048084481730189005,0.00010533950782797816
D08_TPA_BTD_TT_RAA,D08,TPA,BTD,TT,RAA,AM15G,0.2,0.3450432101948242,513.1703493332927,54.86306114820977,0.4203805381469872,0.5207987539682419,0.0580132939250604,0.0008074139597105065
D08_TPA_BTD_TT_RAA,D08,TPA,BTD,TT,RAA,CIEFL10,0.2,0.5035756333018113,520.6992149112318,52.928990030965345,0.38503421550711653,0.538105286549054,0.07670964547707546,0.000150852466754143
D08_TPA_BTD_TT_RAA,D08,TPA,BTD,TT,RAA,LEDB2,0.2,0.3547769952093172,539.9040432977707,51.09508838821076,0.22419538140317402,0.6632862201045773,0.11220714086766416,0.0003112576245845499
D08_TPA_BTD_TT_RAA,D08,TPA,BTD,TT,RAA,LEDB3,0.2,0.4358187889747646,527.6582890462452,51.851504795136584,0.2968151263766777,0.6264634890172357,0.07655349327217453,0.00016789133391219925
D08_TPA_BTD_TT_RAA,D08,TPA,BTD,TT,RAA,LEDB4,0.2,0.47603667426791213,522.412391024398,52.22511815249921,0.3318265449016171,0.6096709550954795,0.05835801342834141,0.0001444865745619868
D09_PTZ_NONE_T_CAA,D09,PTZ,NONE,T,CAA,AM15G,0.2,0.17836828646886074,471.9367490528463,38.55787412486376,0.7720571179206737,0.2259889354615152,0.0019491200377097788,4.826580101298055e-06
D09_PTZ_NONE_T_CAA,D09,PTZ,NONE,T,CAA,CIEFL10,0.2,0.23400447006483666,472.3322482811378,40.037021420341766,0.8135384964668241,0.1832286328268738,0.0032317452867136475,1.125419588429475e-06
D09_PTZ_NONE_T_CAA,D09,PTZ,NONE,T,CAA,LEDB2,0.2,0.11773179676229335,486.8919382739795,39.560240550068066,0.644285585333644,0.3495412485055261,0.0061700665108775365,3.0996499523877254e-06
D09_PTZ_NONE_T_CAA,D09,PTZ,NONE,T,CAA,LEDB3,0.2,0.1832699001469444,479.31699552323,37.976459046734696,0.7025147708072231,0.2941139275859497,0.0033699768040060633,1.3248028210760917e-06
D09_PTZ_NONE_T_CAA,D09,PTZ,NONE,T,CAA,LEDB4,0.2,0.21925463982287677,474.96409457225707,36.902266148571776,0.7473002089013348,0.2503240320974837,0.002374729707995604,1.0292931859832039e-06
D10_PTZ_NONE_T_RAA,D10,PTZ,NONE,T,RAA,AM15G,0.2,0.21645931893970893,478.8174285877619,41.02991526044745,0.7044893150890159,0.2915974987212779,0.003900618543822086,1.2567645884191408e-05
D10_PTZ_NONE_T_RAA,D10,PTZ,NONE,T,RAA,CIEFL10,0.2,0.28689518511776807,480.6598745182639,43.73978121597051,0.7355956028174243,0.25807138093268384,0.006330159517902619,2.8567319892141037e-06
D10_PTZ_NONE_T_RAA,D10,PTZ,NONE,T,RAA,LEDB2,0.2,0.1537112718810329,495.7275872986856,42.75033042960345,0.5516315833635528,0.43694349584538095,0.011417486600819522,7.434190246877084e-06
D10_PTZ_NONE_T_RAA,D10,PTZ,NONE,T,RAA,LEDB3,0.2,0.23051364331982582,487.1617471292046,41.321741146118875,0.6193813084709852,0.37415322132542195,0.006462173829265441,3.296374327527521e-06
D10_PTZ_NONE_T_RAA,D10,PTZ,NONE,T,RAA,LEDB4,0.2,0.27016222247889143,482.5982281848122,40.94726713322264,0.6654428527834048,0.32991374604975177,0.004640782924974169,2.6182418692053038e-06
D11_PTZ_NONE_TT_CAA,D11,PTZ,NONE,TT,CAA,AM15G,0.2,0.20573710094249478,473.25037895826654,39.662958261927244,0.7537334634065654,0.243984369353239,0.002276406125643371,5.7611145521162e-06
D11_PTZ_NONE_TT_CAA,D11,PTZ,NONE,TT,CAA,CIEFL10,0.2,0.269241898100996,474.270927346421,41.35859156317918,0.7925612596885458,0.20365683112856744,0.003780564141255527,1.3450416312122501e-06
D11_PTZ_NONE_TT_CAA,D11,PTZ,NONE,TT,CAA,LEDB2,0.2,0.13706967177242005,489.4268566659515,40.491465117640516,0.6152205945367261,0.37763955406114946,0.007136188587238916,3.6628148856887386e-06
D11_PTZ_NONE_TT_CAA,D11,PTZ,NONE,TT,CAA,LEDB3,0.2,0.2113792365933479,481.543721177885,39.00083159222582,0.6768057419559736,0.31925882186385374,0.003933855984866709,1.5801953060055083e-06
D11_PTZ_NONE_TT_CAA,D11,PTZ,NONE,TT,CAA,LEDB4,0.2,0.2509057532582504,477.1304579781714,38.17849415601144,0.7221133554308089,0.27509186882575004,0.0027935382016585366,1.2375417825393116e-06
D12_PTZ_NONE_TT_RAA,D12,PTZ,NONE,TT,RAA,AM15G,0.2,0.2442065680987529,484.43168688597694,42.603953581616175,0.6515949650632565,0.3420251087005607,0.006355213998810226,2.4712237372604818e-05
D12_PTZ_NONE_TT_RAA,D12,PTZ,NONE,TT,RAA,CIEFL10,0.2,0.32991652995626514,487.31135036614205,45.986958778076136,0.671486997283127,0.31848199450704107,0.010025559601498268,5.4486083333972265e-06
D12_PTZ_NONE_TT_RAA,D12,PTZ,NONE,TT,RAA,LEDB2,0.2,0.18476304235283456,502.5525411703663,44.778622269072294,0.4851125146154198,0.4974859228186343,0.017387934293618502,1.3628272327504233e-05
D12_PTZ_NONE_TT_RAA,D12,PTZ,NONE,TT,RAA,LEDB3,0.2,0.26919514078861245,493.21776164086367,43.567239580490885,0.5584344939091559,0.43144280509169924,0.010116483677283438,6.217321861536984e-06
D12_PTZ_NONE_TT_RAA,D12,PTZ,NONE,TT,RAA,LEDB4,0.2,0.31168057182933734,488.6195041872927,43.57976966474829,0.6037442812115813,0.38890558015119187,0.007345134269469036,5.004367757690947e-06
D13_PTZ_BTD_T_CAA,D13,PTZ,BTD,T,CAA,AM15G,0.2,0.2527433109871862,498.42966355631194,50.47702778668962,0.5200279900279157,0.4555193910397158,0.024238139858872913,0.00021447907349575023
D13_PTZ_BTD_T_CAA,D13,PTZ,BTD,T,CAA,CIEFL10,0.2,0.34843778026357863,506.9711981253931,50.4548974078065,0.49361906220192336,0.4708516126710361,0.03548550114049449,4.382398654596212e-05
D13_PTZ_BTD_T_CAA,D13,PTZ,BTD,T,CAA,LEDB2,0.2,0.22206325960307127,523.8717669848018,48.692005792024396,0.31685171832728737,0.6272142614704614,0.05583543206740289,9.85881348480747e-05
D13_PTZ_BTD_T_CAA,D13,PTZ,BTD,T,CAA,LEDB3,0.2,0.2927576998057117,513.1208714680315,48.220413929913725,0.3904598125917182,0.5738234357126144,0.035667144418822676,4.9607276844681505e-05
D13_PTZ_BTD_T_CAA,D13,PTZ,BTD,T,CAA,LEDB4,0.2,0.32675710248720435,508.45353919293115,48.77574179231685,0.4289076286647793,0.5443387060196581,0.026712017922502947,4.164739305959534e-05
D14_PTZ_BTD_T_RAA,D14,PTZ,BTD,T,RAA,AM15G,0.2,0.3005550561641174,504.1352483319514,52.85711034282969,0.47799452407689347,0.4852938071861114,0.03631833847907386,0.0003933302579210923
D14_PTZ_BTD_T_RAA,D14,PTZ,BTD,T,RAA,CIEFL10,0.2,0.4264309176624288,512.5508867200085,52.0388689919318,0.44477726948723306,0.5044167393987461,0.050729019306798274,7.697180722251849e-05
D14_PTZ_BTD_T_RAA,D14,PTZ,BTD,T,RAA,LEDB2,0.2,0.28194843126220576,531.0198812241771,50.07101836862868,0.2721550425231241,0.6498859313338108,0.07779109604792418,0.00016793009514083396
D14_PTZ_BTD_T_RAA,D14,PTZ,BTD,T,RAA,LEDB3,0.2,0.36070994299932174,519.3746199122518,50.17602540181466,0.34728650057292104,0.6015227138212171,0.05110375487046423,8.7030735397608e-05
D14_PTZ_BTD_T_RAA,D14,PTZ,BTD,T,RAA,LEDB4,0.2,0.39918914622662316,514.4952291952189,50.62198245731639,0.38409111191168627,0.577299039932243,0.03853605402264232,7.379413342835093e-05
D15_PTZ_BTD_TT_CAA,D15,PTZ,BTD,TT,CAA,AM15G,0.2,0.2997744046760524,503.025890634773,53.072233608507304,0.48496266161773116,0.4796463757959707,0.03501756804621888,0.00037339454007927756
D15_PTZ_BTD_TT_CAA,D15,PTZ,BTD,TT,CAA,CIEFL10,0.2,0.42357420096998477,511.6742326175686,52.19233682631962,0.45110850267166885,0.4996306403451203,0.04918740221569736,7.345476751344355e-05
D15_PTZ_BTD_TT_CAA,D15,PTZ,BTD,TT,CAA,LEDB2,0.2,0.2781312989830183,530.3723145011238,50.05748238453714,0.2762297683187579,0.647727596819956,0.07588134370982046,0.000161291151465679
D15_PTZ_BTD_TT_CAA,D15,PTZ,BTD,TT,CAA,LEDB3,0.2,0.3569921358720276,518.7187506460568,50.13602789189196,0.35187859328030685,0.5983436645750961,0.04969442174036955,8.33204042275777e-05
D15_PTZ_BTD_TT_CAA,D15,PTZ,BTD,TT,CAA,LEDB4,0.2,0.39547598219011004,513.8495620327432,50.57457936075958,0.38890608901947005,0.5735831758922206,0.0374401663725055,7.056871580371871e-05
D16_PTZ_BTD_TT_RAA,D16,PTZ,BTD,TT,RAA,AM15G,0.2,0.33649374303518753,509.4455629190412,54.79399524597233,0.44409632333518156,0.5048554649629972,0.05039186968893716,0.0006563420128840384
D16_PTZ_BTD_TT_RAA,D16,PTZ,BTD,TT,RAA,CIEFL10,0.2,0.4873468085688001,517.2775626175769,53.25983188550656,0.40909182339787376,0.5231282150417853,0.06765580854216974,0.00012415301817110015
D16_PTZ_BTD_TT_RAA,D16,PTZ,BTD,TT,RAA,LEDB2,0.2,0.3342358671614376,536.9649676670011,51.13326645953447,0.24054920317094255,0.6580012588206156,0.10118691640254972,0.0002626216058920407
D16_PTZ_BTD_TT_RAA,D16,PTZ,BTD,TT,RAA,LEDB3,0.2,0.4167642128605883,524.6286754545678,51.754305069931185,0.3160776216529866,0.6157176690206928,0.06806512941650071,0.0001395799098198116
D16_PTZ_BTD_TT_RAA,D16,PTZ,BTD,TT,RAA,LEDB4,0.2,0.4576463299798584,519.4408662745798,52.103394995392,0.3521970930040725,0.5960388680528638,0.051644607559900156,0.00011943138316346228
D01_TPA_NONE_T_CAA,D01,TPA,NONE,T,CAA,AM15G,0.3,0.24164854384072873,495.17557987250717,59.91562922697122,0.5765950627882288,0.3681263949961108,0.05179234367839696,0.003486198537263551
D01_TPA_NONE_T_CAA,D01,TPA,NONE,T,CAA,CIEFL10,0.3,0.3319202036428618,500.5592663775111,57.28488817208515,0.561388432859021,0.37597118934220003,0.062091439220609494,0.0005489385781694521
D01_TPA_NONE_T_CAA,D01,TPA,NONE,T,CAA,LEDB2,0.3,0.206556762196476,527.1842421132785,58.2178543431194,0.3474863530006972,0.5379010465953974,0.11319548917176257,0.0014171112321427108
D01_TPA_NONE_T_CAA,D01,TPA,NONE,T,CAA,LEDB3,0.3,0.2729227694718891,511.5977825828669,56.49195794441163,0.4458401015704199,0.48259829120677034,0.07085654454234253,0.0007050626804672298
D01_TPA_NONE_T_CAA,D01,TPA,NONE,T,CAA,LEDB4,0.3,0.30751394682727684,504.85341592520103,55.383275038317365,0.49639735926590817,0.45100901575903435,0.051991757434461015,0.0006018675405965003
D02_TPA_NONE_T_RAA,D02,TPA,NONE,T,RAA,AM15G,0.3,0.28570002652470683,503.10165858706455,62.98321565361229,0.5244679825427966,0.4002015337643026,0.06995780821246204,0.005372675480438778
D02_TPA_NONE_T_RAA,D02,TPA,NONE,T,RAA,CIEFL10,0.3,0.39773299406951224,507.81583162821227,58.71921524763814,0.5058447079133259,0.4126000424072564,0.08073395157587218,0.0008212981035454961
D02_TPA_NONE_T_RAA,D02,TPA,NONE,T,RAA,LEDB2,0.3,0.26208397506631215,535.071282397293,59.05844410381383,0.29792370176391125,0.5589307812117482,0.1411287527758874,0.0020167642484531416
D02_TPA_NONE_T_RAA,D02,TPA,NONE,T,RAA,LEDB3,0.3,0.334206500192605,518.9606081103234,58.149799316700346,0.3943541887281879,0.5132609319340317,0.09134576549480056,0.001039113842979767
D02_TPA_NONE_T_RAA,D02,TPA,NONE,T,RAA,LEDB4,0.3,0.37115266619889986,511.9056057897578,57.270031602675346,0.4434575473168787,0.4877151808979104,0.06792583005699844,0.0009014417282125172
D03_TPA_NONE_TT_CAA,D03,TPA,NONE,TT,CAA,AM15G,0.3,0.28576720821813145,502.2049194313618,62.73480657658678,0.529787548763467,0.39717992022523146,0.06790877230206732,0.005123758709234217
D03_TPA_NONE_TT_CAA,D03,TPA,NONE,TT,CAA,CIEFL10,0.3,0.39724545147477447,507.0820712192162,58.630329136551765,0.5110329962879793,0.4094425602127743,0.07873822548787003,0.0007862180113764979
D03_TPA_NONE_TT_CAA,D03,TPA,NONE,TT,CAA,LEDB2,0.3,0.26018017158110013,534.3323167385463,58.977555505442155,0.3021835348684901,0.5576740021709743,0.13820209900203534,0.0019403639585002924
D03_TPA_NONE_TT_CAA,D03,TPA,NONE,TT,CAA,LEDB3,0.3,0.33291089285313724,518.2611272460424,58.00356808422758,0.3989207298136042,0.5109116484522108,0.08917119236090428,0.0009964293732806463
D03_TPA_NONE_TT_CAA,D03,TPA,NONE,TT,CAA,LEDB4,0.3,0.3702219887525331,511.24075736641646,57.104762598275386,0.44814665416698934,0.48476328434863614,0.06622703954733827,0.0008630219370362092
D04_TPA_NONE_TT_RAA,D04,TPA,NONE,TT,RAA,AM15G,0.3,0.323611501100169,510.2228927027058,65.85544220132113,0.4810624444039626,0.4216537193151902,0.08949821117441643,0.007785625106430661
D04_TPA_NONE_TT_RAA,D04,TPA,NONE,TT,RAA,CIEFL10,0.3,0.45416518405575557,513.9790581530486,59.77789318986785,0.46083941863922395,0.43806836576302466,0.09992977024998745,0.0011624453477639845
D04_TPA_NONE_TT_RAA,D04,TPA,NONE,TT,RAA,LEDB2,0.3,0.3142817000224781,541.83400612479,59.60845682789379,0.25986569845635,0.5684703677740108,0.16892701847118996,0.0027369152984492245
D04_TPA_NONE_TT_RAA,D04,TPA,NONE,TT,RAA,LEDB3,0.3,0.3887211644030424,525.3677756820343,59.41438448049664,0.35347733526946656,0.5325754230927849,0.11249414926513339,0.0014530923726150478
D04_TPA_NONE_TT_RAA,D04,TPA,NONE,TT,RAA,LEDB4,0.3,0.4263610609109546,518.0233061513129,58.711751181515254,0.4011443155159735,0.512971090527797,0.08460623970488014,0.0012783542513494877
D05_TPA_BTD_T_CAA,D05,TPA,BTD,T,CAA,AM15G,0.3,0.31822344017224624,525.4612435612528,71.87964693858146,0.39928662363904294,0.44666770517591636,0.1373047082991174,0.016740962885923392
D05_TPA_BTD_T_CAA,D05,TPA,BTD,T,CAA,CIEFL10,0.3,0.4448202989487383,525.9546107117867,60.9776183369956,0.38049034567331047,0.4734289444891813,0.14368858792616823,0.0023921219113399676
D05_TPA_BTD_T_CAA,D05,TPA,BTD,T,CAA,LEDB2,0.3,0.33916404696208946,554.6100309012388,60.18565660642677,0.19739863279228625,0.5673816575312665,0.22999760239506525,0.005222107281382044
D05_TPA_BTD_T_CAA,D05,TPA,BTD,T,CAA,LEDB3,0.3,0.3956878358311331,537.9674720608166,61.08465801790769,0.281127121508852,0.5544471456991742,0.16149122287759962,0.0029345099143742175
D05_TPA_BTD_T_CAA,D05,TPA,BTD,T,CAA,LEDB4,0.3,0.42270362194055666,530.178059708618,60.7553934862532,0.3245433242614583,0.5484056619576853,0.12438729737352888,0.0026637164073275
D06_TPA_BTD_T_RAA,D06,TPA,BTD,T,RAA,AM15G,0.3,0.359161686455007,526.5588925837527,72.65442358174255,0.39578123433153684,0.44373045461843913,0.1428264149968583,0.01766189605316576
D06_TPA_BTD_T_RAA,D06,TPA,BTD,T,RAA,CIEFL10,0.3,0.5026378682767965,526.4683945389692,61.489784182636456,0.37814144269811434,0.4708205839697338,0.14851861928772894,0.002519354044422942
D06_TPA_BTD_T_RAA,D06,TPA,BTD,T,RAA,LEDB2,0.3,0.3853466893355982,555.6974658224769,60.479625070583296,0.1943198631647598,0.5629857807010299,0.2372229780172466,0.005471378116963729
D06_TPA_BTD_T_RAA,D06,TPA,BTD,T,RAA,LEDB3,0.3,0.44775974461509765,538.8161407616936,61.57898852302059,0.2788356231190823,0.5509110189903887,0.16716642177975946,0.0030869361107696285
D06_TPA_BTD_T_RAA,D06,TPA,BTD,T,RAA,LEDB4,0.3,0.4777888773666353,530.8641302475596,61.26226972821912,0.32282937826427904,0.545489505596633,0.12887570806751272,0.002805408071575388
D07_TPA_BTD_TT_CAA,D07,TPA,BTD,TT,CAA,AM15G,0.3,0.37700245134262456,531.9076439417017,74.59213997795568,0.37063191416968017,0.4460774689844368,0.16127049344403,0.02202012340185302
D07_TPA_BTD_TT_CAA,D07,TPA,BTD,TT,CAA,CIEFL10,0.3,0.5251951616029628,530.1864591931052,61.7986169981916,0.35495344432292575,0.477301310637454,0.16463391987267645,0.003111325166943881
D07_TPA_BTD_TT_CAA,D07,TPA,BTD,TT,CAA,LEDB2,0.3,0.41510934081812884,559.7191064337832,60.54363946792272,0.17734187988439695,0.5573314502607494,0.2587310050406767,0.006595664814176895
D07_TPA_BTD_TT_CAA,D07,TPA,BTD,TT,CAA,LEDB3,0.3,0.4736974271707422,542.8440369276361,62.00276065552979,0.2583975339789358,0.5524976582756627,0.18531748217173752,0.0037873255736639764
D07_TPA_BTD_TT_CAA,D07,TPA,BTD,TT,CAA,LEDB4,0.3,0.5012012394226414,534.7578537988683,61.82751247880806,0.30094534629212233,0.551604356012774,0.1439740294842284,0.003476268210875165
D08_TPA_BTD_TT_RAA,D08,TPA,BTD,TT,RAA,AM15G,0.3,0.41851687200605175,536.3077100195086,76.01393738374858,0.3527660446487538,0.4439859300825305,0.17730852424516325,0.02593950102355247
D08_TPA_BTD_TT_RAA,D08,TPA,BTD,TT,RAA,CIEFL10,0.3,0.5815563739773348,532.7708399144208,62.2117623043958,0.34075234968347445,0.4774530245558875,0.178151768589626,0.0036428571710119756
D08_TPA_BTD_TT_RAA,D08,TPA,BTD,TT,RAA,LEDB2,0.3,0.4702474880789593,562.7342868210936,60.7932934132038,0.16689955845630444,0.5486746922968466,0.27684764094419617,0.007578108302652652
D08_TPA_BTD_TT_RAA,D08,TPA,BTD,TT,RAA,LEDB3,0.3,0.5297048844403681,545.7153785017034,62.581958548514486,0.24647218564174503,0.5485269524345904,0.2005939329350169,0.004406928988647697
D08_TPA_BTD_TT_RAA,D08,TPA,BTD,TT,RAA,LEDB4,0.3,0.5573093170729174,537.4208681744561,62.5165114525145,0.2887643992381497,0.5505380685546198,0.1566260511492579,0.004071481057972597
D09_PTZ_NONE_T_CAA,D09,PTZ,NONE,T,CAA,AM15G,0.3,0.21021178800572168,491.47227048781326,58.83069812967634,0.601836940826267,0.3500770804539124,0.04516623495269145,0.002919743767129003
D09_PTZ_NONE_T_CAA,D09,PTZ,NONE,T,CAA,CIEFL10,0.3,0.28602818132665914,497.19639972998283,56.607644822648076,0.5879925724745255,0.35646416646821943,0.05507700292812788,0.0004662581291271409
D09_PTZ_NONE_T_CAA,D09,PTZ,NONE,T,CAA,LEDB2,0.3,0.17339286305843457,523.6465562984341,57.827496536575005,0.372096593828077,0.5240767184752397,0.10259358696091782,0.0012331007357653974
D09_PTZ_NONE_T_CAA,D09,PTZ,NONE,T,CAA,LEDB3,0.3,0.23275933973989743,508.31397122469525,55.71758776920784,0.4707957703170779,0.465347466397502,0.06325279244932029,0.0006039708360997085
D09_PTZ_NONE_T_CAA,D09,PTZ,NONE,T,CAA,LEDB4,0.3,0.2640154250791513,501.6864223607829,54.47678205269063,0.5219771722162998,0.4313896606753866,0.04612126354197908,0.0005119035663343981
D10_PTZ_NONE_T_RAA,D10,PTZ,NONE,T,RAA,AM15G,0.3,0.2614197436483052,499.23809340310896,61.91239549113701,0.5488640216652695,0.38512194136829814,0.061514165841171406,0.00449987112526096
D10_PTZ_NONE_T_RAA,D10,PTZ,NONE,T,RAA,CIEFL10,0.3,0.36086299640873737,504.54199156001977,58.231733149469825,0.5304927363207894,0.396524890225167,0.07228464263294292,0.0006977308211005978
D10_PTZ_NONE_T_RAA,D10,PTZ,NONE,T,RAA,LEDB2,0.3,0.23175478076212055,531.679966884224,58.7822383493974,0.3189341590228766,0.5504322899753635,0.1288800986013988,0.0017534524003610418
D10_PTZ_NONE_T_RAA,D10,PTZ,NONE,T,RAA,LEDB3,0.3,0.30009268077771856,515.7593026528416,57.50210797182126,0.4164584127410046,0.5004352520037813,0.08221644646670427,0.0008898887885098066
D10_PTZ_NONE_T_RAA,D10,PTZ,NONE,T,RAA,LEDB4,0.3,0.335340594928643,508.8297051848417,56.51860372639044,0.46628795016977154,0.4721589011820306,0.06078638228441254,0.0007667663637853268
D11_PTZ_NONE_TT_CAA,D11,PTZ,NONE,TT,CAA,AM15G,0.3,0.24860083387412507,493.6784623852062,59.901925078969896,0.584773820280912,0.3623214070059608,0.049644383534740925,0.0032603891783863997
D11_PTZ_NONE_TT_CAA,D11,PTZ,NONE,TT,CAA,CIEFL10,0.3,0.33979824757719457,499.5179458412906,57.26703670855064,0.5682106985118361,0.37121795233903926,0.06005375484415679,0.0005175943049679305
D11_PTZ_NONE_TT_CAA,D11,PTZ,NONE,TT,CAA,LEDB2,0.3,0.2094913528794357,526.3456324104405,58.09162875451102,0.3526397481222866,0.5357798488138756,0.1102336006222638,0.0013468024415738667
D11_PTZ_NONE_TT_CAA,D11,PTZ,NONE,TT,CAA,LEDB3,0.3,0.2779225978538314,510.80375350893075,56.3108152823655,0.4512866736627421,0.47929852749433277,0.06874734851443152,0.0006674503284936112
D11_PTZ_NONE_TT_CAA,D11,PTZ,NONE,TT,CAA,LEDB4,0.3,0.3136258276654709,504.10706210746173,55.17801149432603,0.5018730264191583,0.44718190185284357,0.050376368724275436,0.0005687030037227615
D12_PTZ_NONE_TT_RAA,D12,PTZ,NONE,TT,RAA,AM15G,0.3,0.3009456412682056,505.4663956600995,64.12330941281029,0.5093532599780841,0.40797003566887613,0.07653548019388934,0.0061412241591505155
D12_PTZ_NONE_TT_RAA,D12,PTZ,NONE,TT,RAA,CIEFL10,0.3,0.41995519162565825,509.9963099109312,59.17741956071327,0.4894458494940897,0.4222646525633394,0.08735798616046571,0.0009315117821051888
D12_PTZ_NONE_TT_RAA,D12,PTZ,NONE,TT,RAA,LEDB2,0.3,0.2815080884062551,537.548930677905,59.284899796512676,0.2835175611097959,0.5633111332527827,0.15091735134631215,0.002253954291109381
D12_PTZ_NONE_TT_RAA,D12,PTZ,NONE,TT,RAA,LEDB3,0.3,0.3550081242587395,521.2877331030058,58.64169449586309,0.37909847888722875,0.5210252758248974,0.09870216049019813,0.00117408479767581
D12_PTZ_NONE_TT_RAA,D12,PTZ,NONE,TT,RAA,LEDB4,0.3,0.3924767851851672,514.1290342918305,57.82560064732767,0.4276922913515369,0.49758389575710693,0.07370010854542347,0.0010237043459326693
D13_PTZ_BTD_T_CAA,D13,PTZ,BTD,T,CAA,AM15G,0.3,0.2940856197945136,519.4863170841609,71.13184437275736,0.4307980447859567,0.43407176902459593,0.12125203240761188,0.013878153781835477
D13_PTZ_BTD_T_CAA,D13,PTZ,BTD,T,CAA,CIEFL10,0.3,0.40900062514647306,521.6781558564845,61.21604767040858,0.4085627343547335,0.45995955665444344,0.1294682503261648,0.002009458664658225
D13_PTZ_BTD_T_CAA,D13,PTZ,BTD,T,CAA,LEDB2,0.3,0.30152906921071954,550.8602831926606,60.35148704814813,0.2158480842998622,0.567300307457554,0.21233129616409446,0.00452031207848942
D13_PTZ_BTD_T_CAA,D13,PTZ,BTD,T,CAA,LEDB3,0.3,0.3580944839752646,534.07109971416,60.916291097614106,0.303572166153674,0.5472981817733964,0.14663359087329847,0.002496061199631199
D13_PTZ_BTD_T_CAA,D13,PTZ,BTD,T,CAA,LEDB4,0.3,0.38557926705823437,526.3568206669088,60.439850068048344,0.34862681496816056,0.5370105883147989,0.11211659660441174,0.0022460001126288066
D14_PTZ_BTD_T_RAA,D14,PTZ,BTD,T,RAA,AM15G,0.3,0.3548400274810769,526.7483594777949,73.42860034512034,0.39588700584433567,0.44057554032795376,0.14504105986195756,0.018496393965753057
D14_PTZ_BTD_T_RAA,D14,PTZ,BTD,T,RAA,CIEFL10,0.3,0.49490196465927744,526.5648405116136,61.82648704037105,0.37780525362684875,0.46915117985178995,0.15040939479220836,0.002634171729153046
D14_PTZ_BTD_T_RAA,D14,PTZ,BTD,T,RAA,LEDB2,0.3,0.3799967086320288,556.2406978263065,60.66094606500161,0.19272677241702946,0.5607707813644308,0.24077765251659847,0.0057247937019414795
D14_PTZ_BTD_T_RAA,D14,PTZ,BTD,T,RAA,LEDB3,0.3,0.4406873391873625,539.2482235808607,61.8135013853287,0.2773938990750174,0.5494502445949717,0.16992023081367771,0.003235625516333212
D14_PTZ_BTD_T_RAA,D14,PTZ,BTD,T,RAA,LEDB4,0.3,0.4697852480911963,531.2424359912432,61.497997170448635,0.32142578400764676,0.5445279410788626,0.13110135279955076,0.0029449221139399955
D15_PTZ_BTD_TT_CAA,D15,PTZ,BTD,TT,CAA,AM15G,0.3,0.35298584221465296,525.6504778744478,73.4806438614068,0.40153388103423543,0.43801511984382235,0.1424368166179164,0.018014182504025755
D15_PTZ_BTD_TT_CAA,D15,PTZ,BTD,TT,CAA,CIEFL10,0.3,0.49160648564560083,525.8441866015447,61.95432241178057,0.3823781748186644,0.4668236252880152,0.14822625144720217,0.0025719484461184353
D15_PTZ_BTD_TT_CAA,D15,PTZ,BTD,TT,CAA,LEDB2,0.3,0.3753482303992546,555.7142945145371,60.7171587343768,0.1953193705565717,0.5607462537300748,0.23831597871254764,0.005618397000805844
D15_PTZ_BTD_TT_CAA,D15,PTZ,BTD,TT,CAA,LEDB3,0.3,0.43643112287980673,538.6734337695375,61.83088814087521,0.28072263580878853,0.5483371407973429,0.16777287148974582,0.0031673519041229385
D15_PTZ_BTD_TT_CAA,D15,PTZ,BTD,TT,CAA,LEDB4,0.3,0.4658005066682115,530.6707172494088,61.48958208526436,0.32504001962765255,0.5427804503122473,0.12930048475566022,0.002879045304439946
D16_PTZ_BTD_TT_RAA,D16,PTZ,BTD,TT,RAA,AM15G,0.3,0.4025609136665905,532.7609300501888,75.50057936028183,0.36946130626808515,0.440869884957224,0.16627691161426703,0.023391897160423804
D16_PTZ_BTD_TT_RAA,D16,PTZ,BTD,TT,RAA,CIEFL10,0.3,0.5599114322386243,530.3964733359171,62.3549235985804,0.35521743875720485,0.4728082572454126,0.16867621822719642,0.0032980857701860535
D16_PTZ_BTD_TT_RAA,D16,PTZ,BTD,TT,RAA,LEDB2,0.3,0.44422967078240777,560.5853694941525,60.91903585143712,0.1759580914111384,0.5516740282130392,0.2653909856605057,0.006976894715316712
D16_PTZ_BTD_TT_RAA,D16,PTZ,BTD,TT,RAA,LEDB3,0.3,0.5054642812252716,543.4494481798847,62.52962273437451,0.25799659145913767,0.547465333796637,0.19052076122698294,0.004017313517242491
D16_PTZ_BTD_TT_RAA,D16,PTZ,BTD,TT,RAA,LEDB4,0.3,0.5343457336768691,535.1959418948461,62.36529207025019,0.3012592926503008,0.546942929070681,0.14810576870239067,0.003692009576627602
D01_TPA_NONE_T_CAA,D01,TPA,NONE,T,CAA,AM15G,0.4,0.2711522338053075,519.8469847373258,79.25703798169401,0.4594150584983246,0.37882133918334054,0.13429564339263317,0.027467958925701686
D01_TPA_NONE_T_CAA,D01,TPA,NONE,T,CAA,CIEFL10,0.4,0.36359216422065244,517.5740062524261,64.70200892010962,0.4500673151963962,0.4113458734889552,0.13493885284101187,0.00364795847363672
D01_TPA_NONE_T_CAA,D01,TPA,NONE,T,CAA,LEDB2,0.4,0.2649465694188792,552.2437696536143,65.01197449541927,0.2342167139601352,0.5197566984001964,0.23725951560489605,0.008767072034772278
D01_TPA_NONE_T_CAA,D01,TPA,NONE,T,CAA,LEDB3,0.4,0.3156201546399041,532.9840183690461,65.101642130406,0.3335401687513812,0.49951532361607204,0.16213896603819095,0.0048055415943558935
D01_TPA_NONE_T_CAA,D01,TPA,NONE,T,CAA,LEDB4,0.4,0.34122276538115837,524.1428591309859,64.17803020551615,0.3854999230174293,0.48697080515287033,0.12316623342625978,0.004363038403440483
D02_TPA_NONE_T_RAA,D02,TPA,NONE,T,RAA,AM15G,0.4,0.32296040919276936,527.4307254669391,81.79327827207824,0.42270389842882344,0.3872687224660133,0.15548425011694914,0.034543128988214086
D02_TPA_NONE_T_RAA,D02,TPA,NONE,T,RAA,CIEFL10,0.4,0.431466034442608,522.6718045871548,65.26753329780466,0.41658673014025166,0.42548428581063796,0.15338440619217475,0.004544577856935801
D02_TPA_NONE_T_RAA,D02,TPA,NONE,T,RAA,LEDB2,0.4,0.3279017434250715,557.5729172332539,64.99390204028434,0.20889253680960865,0.5184244681776174,0.2621478695474917,0.010535125465282067
D02_TPA_NONE_T_RAA,D02,TPA,NONE,T,RAA,LEDB3,0.4,0.38132112945451574,538.3219352530975,65.73294189857643,0.3038486890159465,0.5070349179937792,0.18320369032170514,0.005912702668569093
D02_TPA_NONE_T_RAA,D02,TPA,NONE,T,RAA,LEDB4,0.4,0.4077649292461452,529.3132107043535,65.09871816563138,0.3540516451569924,0.4999038477436942,0.14060955254343477,0.005434954555878596
D03_TPA_NONE_TT_CAA,D03,TPA,NONE,TT,CAA,AM15G,0.4,0.32373166629756595,526.626133763666,81.61799726088984,0.42642139015955255,0.38634277686148555,0.15346144973405992,0.033774383244902
D03_TPA_NONE_TT_CAA,D03,TPA,NONE,TT,CAA,CIEFL10,0.4,0.4325801670383127,522.1790898334929,65.26004782765928,0.41967101352297875,0.42416959494230594,0.15170937298747803,0.004450018547237227
D03_TPA_NONE_TT_CAA,D03,TPA,NONE,TT,CAA,LEDB2,0.4,0.32740199716787616,557.114426978451,64.99735366806533,0.2109817930362324,0.5186846017783358,0.2599831181277132,0.01035048705771869
D03_TPA_NONE_TT_CAA,D03,TPA,NONE,TT,CAA,LEDB3,0.4,0.38154412144507527,537.8526925433646,65.69053180236745,0.3063955267387119,0.5064675769140696,0.18133972078935012,0.005797175557868307
D03_TPA_NONE_TT_CAA,D03,TPA,NONE,TT,CAA,LEDB4,0.4,0.4084001627470689,528.8559548386501,65.03001765381003,0.35676933213819906,0.4988557917262142,0.13905224735348146,0.005322628782105172
D04_TPA_NONE_TT_RAA,D04,TPA,NONE,TT,RAA,AM15G,0.4,0.36750176273663177,533.8522794083392,84.05842836548074,0.3939588963269619,0.3898257620644807,0.1743742266375412,0.04184111497101628
D04_TPA_NONE_TT_RAA,D04,TPA,NONE,TT,RAA,CIEFL10,0.4,0.4873250560903794,526.7492749489662,65.75817289959059,0.3908896357316132,0.43391297984168603,0.16972069615987415,0.005476688266826547
D04_TPA_NONE_TT_RAA,D04,TPA,NONE,TT,RAA,LEDB2,0.4,0.3832001922075508,561.9830251825672,64.98738886442929,0.18979419280527574,0.5138707592979834,0.2839942058565977,0.012340842040143145
D04_TPA_NONE_TT_RAA,D04,TPA,NONE,TT,RAA,LEDB3,0.4,0.4369413087485679,542.7497388191332,66.24137707169841,0.28102991104675235,0.5098138947930323,0.20209548571846636,0.007060708441748884
D04_TPA_NONE_TT_RAA,D04,TPA,NONE,TT,RAA,LEDB4,0.4,0.4630248061952954,533.6027136007777,65.85161677791345,0.3297570404942277,0.5072523194715375,0.15643249381102559,0.006558146223209116
D05_TPA_BTD_T_CAA,D05,TPA,BTD,T,CAA,AM15G,0.4,0.34677068632502184,545.657510401756,87.69187525149778,0.3458396083919425,0.388928275926359,0.20654368694509825,0.058688428736600275
D05_TPA_BTD_T_CAA,D05,TPA,BTD,T,CAA,CIEFL10,0.4,0.450050613200934,533.5058360694112,66.20331690819052,0.35039818610662093,0.4450373483165775,0.19696614870481852,0.0075983168719832225
D05_TPA_BTD_T_CAA,D05,TPA,BTD,T,CAA,LEDB2,0.4,0.3746572955546341,569.0367619469331,64.96626326949348,0.16187647894295804,0.5023076071917498,0.3194030600021911,0.016412853863101054
D05_TPA_BTD_T_CAA,D05,TPA,BTD,T,CAA,LEDB3,0.4,0.41400526733503407,549.9701789922766,66.86465673880396,0.2460075566869466,0.5105128110188689,0.23380100630809994,0.009678625986084535
D05_TPA_BTD_T_CAA,D05,TPA,BTD,T,CAA,LEDB4,0.4,0.4321588652168835,540.6987350759986,66.8940724939916,0.2917382771359116,0.5155609822817259,0.18354240056561966,0.009158340016742775
D06_TPA_BTD_T_RAA,D06,TPA,BTD,T,RAA,AM15G,0.4,0.39549247566432216,547.2747494523388,88.1793541794083,0.34039868290755276,0.3868051061511385,0.21167073089773303,0.06112548004357571
D06_TPA_BTD_T_RAA,D06,TPA,BTD,T,RAA,CIEFL10,0.4,0.5118779780704814,534.2673864347554,66.40114895364681,0.34665886919276573,0.44417956879777404,0.20124136451051383,0.00792019749894617
D06_TPA_BTD_T_RAA,D06,TPA,BTD,T,RAA,LEDB2,0.4,0.429216598188104,570.0051732316764,65.05223971628057,0.15902738279259038,0.49880102790133035,0.3251709701636988,0.017000619142380366
D06_TPA_BTD_T_RAA,D06,TPA,BTD,T,RAA,LEDB3,0.4,0.4724054038061728,550.8791281254167,67.08342011899836,0.24281499595550504,0.5082492640259311,0.2388711088143075,0.01006463120425639
D06_TPA_BTD_T_RAA,D06,TPA,BTD,T,RAA,LEDB4,0.4,0.49228416182634327,541.5348948718137,67.1708215313322,0.2885616721109023,0.5140843933532561,0.18781220589745862,0.009541728638383096
D07_TPA_BTD_TT_CAA,D07,TPA,BTD,TT,CAA,AM15G,0.4,0.41276057142385086,551.5476138752726,89.33036494233568,0.3243590521379968,0.38419103056542625,0.2233627935397184,0.06808712375685849
D07_TPA_BTD_TT_CAA,D07,TPA,BTD,TT,CAA,CIEFL10,0.4,0.5289980433708003,536.5811274378801,66.55414188879175,0.33343389002550894,0.4464003338558639,0.21134654248494175,0.008819233633685449
D07_TPA_BTD_TT_CAA,D07,TPA,BTD,TT,CAA,LEDB2,0.4,0.4523782459722447,572.4536346091766,65.00544023567436,0.15020059847035996,0.4932771391457951,0.337873706463849,0.01864855591999583
D07_TPA_BTD_TT_CAA,D07,TPA,BTD,TT,CAA,LEDB3,0.4,0.4925699473237116,553.4071880786786,67.26313184457716,0.23150438140846144,0.5067255237753437,0.2506144878221868,0.011155606994007921
D07_TPA_BTD_TT_CAA,D07,TPA,BTD,TT,CAA,LEDB4,0.4,0.5106253508891135,544.0322563012631,67.5091481590817,0.27618701376495897,0.5151572846083439,0.19801255637701887,0.01064314524967837
D08_TPA_BTD_TT_RAA,D08,TPA,BTD,TT,RAA,AM15G,0.4,0.46106313808874333,555.5380211831982,90.20969585398007,0.3103196298235556,0.38061339731987914,0.23436578732016464,0.07470118553640075
D08_TPA_BTD_TT_RAA,D08,TPA,BTD,TT,RAA,CIEFL10,0.4,0.5857166361827504,538.586340613846,66.71480923491107,0.3227892882418646,0.44677736613934727,0.2207457764567127,0.009687569162075513
D08_TPA_BTD_TT_RAA,D08,TPA,BTD,TT,RAA,LEDB2,0.4,0.5097814671020712,574.603716664913,65.02260050797928,0.14326837272895146,0.48690229642998983,0.34963128951600375,0.02019804132505493
D08_TPA_BTD_TT_RAA,D08,TPA,BTD,TT,RAA,LEDB3,0.4,0.5499493901235983,555.5863094644225,67.49492235198862,0.2227310507339488,0.5035856072637805,0.2614915637042373,0.012191778298033305
D08_TPA_BTD_TT_RAA,D08,TPA,BTD,TT,RAA,LEDB4,0.4,0.5676199086543913,546.151363943528,67.88628814998465,0.26675743933762047,0.5141003660498373,0.20744982870042158,0.011692365912120669
D09_PTZ_NONE_T_CAA,D09,PTZ,NONE,T,CAA,AM15G,0.4,0.23424198650326883,515.5339134595104,78.3513988443835,0.4817466707473871,0.3698427866122822,0.12382905878463095,0.024581483855699714
D09_PTZ_NONE_T_CAA,D09,PTZ,NONE,T,CAA,CIEFL10,0.4,0.31318197810267373,514.6019161904544,64.55849749400424,0.4700805233897928,0.4007869447687323,0.12584447005103366,0.0032880617904413644
D09_PTZ_NONE_T_CAA,D09,PTZ,NONE,T,CAA,LEDB2,0.4,0.22278753866880224,549.4842876958476,65.11822659821968,0.24881000909593814,0.5176420449742747,0.22546902072759253,0.008078925202194633
D09_PTZ_NONE_T_CAA,D09,PTZ,NONE,T,CAA,LEDB3,0.4,0.2688296683919224,530.1666426610071,64.85142235674445,0.35062033589419955,0.4927930188654367,0.15221418165636902,0.004372463583994588
D09_PTZ_NONE_T_CAA,D09,PTZ,NONE,T,CAA,LEDB4,0.4,0.2923274413963958,521.3932250348352,63.76355284433576,0.40358247394147073,0.47748356558109784,0.11498885982271799,0.0039451006547134805
D10_PTZ_NONE_T_RAA,D10,PTZ,NONE,T,RAA,AM15G,0.4,0.2938987638183734,523.4512513209382,80.88948258589815,0.44199512697843096,0.3818358093930746,0.14501278469882078,0.031156278929673677
D10_PTZ_NONE_T_RAA,D10,PTZ,NONE,T,RAA,CIEFL10,0.4,0.39264551666950165,520.064483306778,65.15340590092018,0.43353843618068594,0.41793802003456615,0.14440383484582167,0.00411970893892614
D10_PTZ_NONE_T_RAA,D10,PTZ,NONE,T,RAA,LEDB2,0.4,0.292137616064566,555.080760746647,65.0889854300936,0.22086299114677688,0.5187842020471725,0.25062042118462813,0.009732385621422368
D10_PTZ_NONE_T_RAA,D10,PTZ,NONE,T,RAA,LEDB3,0.4,0.3436498734597734,535.7669357961294,65.52561969675446,0.3181925375947249,0.5031316247758237,0.1732749959313938,0.005400841698057522
D10_PTZ_NONE_T_RAA,D10,PTZ,NONE,T,RAA,LEDB4,0.4,0.3694117763030674,526.8184255264564,64.74516637105086,0.36934551122398834,0.49338796154545755,0.13233068459203118,0.00493584263852301
D11_PTZ_NONE_TT_CAA,D11,PTZ,NONE,TT,CAA,AM15G,0.4,0.28098498833324664,518.3337418034325,79.25624123902777,0.46683958736560405,0.3751561823680196,0.13144180433432895,0.026562425932047305
D11_PTZ_NONE_TT_CAA,D11,PTZ,NONE,TT,CAA,CIEFL10,0.4,0.3759502023815523,516.6660324941358,64.82482471811389,0.45572034440853393,0.40801687863666464,0.13271943232378183,0.0035433446310194822
D11_PTZ_NONE_TT_CAA,D11,PTZ,NONE,TT,CAA,LEDB2,0.4,0.27189629373607516,551.6265520290102,65.05663871207206,0.23747910713191672,0.5192140616806268,0.23473542673774184,0.0085714044497146
D11_PTZ_NONE_TT_CAA,D11,PTZ,NONE,TT,CAA,LEDB3,0.4,0.3249032168897856,532.3128869464408,65.09427968637668,0.3376613893852188,0.49770326077376303,0.15995121331142725,0.00468413652959082
D11_PTZ_NONE_TT_CAA,D11,PTZ,NONE,TT,CAA,LEDB4,0.4,0.351753944962902,523.4791314240315,64.12752317575516,0.38990295179344225,0.48450914646984256,0.12134208912954579,0.004245812607169413
D12_PTZ_NONE_TT_RAA,D12,PTZ,NONE,TT,RAA,AM15G,0.4,0.3411508171076407,529.5425725181799,82.71092346612312,0.4131360922890943,0.3878505796737009,0.16201702270754106,0.03699630532966366
D12_PTZ_NONE_TT_RAA,D12,PTZ,NONE,TT,RAA,CIEFL10,0.4,0.45439643642144173,524.0610064016702,65.50921954229636,0.40768134436705095,0.42833693389289523,0.1591211983758793,0.004860523364174641
D12_PTZ_NONE_TT_RAA,D12,PTZ,NONE,TT,RAA,LEDB2,0.4,0.34938074617049686,559.1688321128458,65.01382053967774,0.2019064045106368,0.5168931111051767,0.2700411902067295,0.011159294177457
D12_PTZ_NONE_TT_RAA,D12,PTZ,NONE,TT,RAA,LEDB3,0.4,0.40344184973613895,539.9027324888885,65.94732019330702,0.2956513684772319,0.5080935630685971,0.18994868150300118,0.006306386951169848
D12_PTZ_NONE_TT_RAA,D12,PTZ,NONE,TT,RAA,LEDB4,0.4,0.43002902434877477,530.8372334247479,65.39757100116393,0.3453670249287887,0.5025872581481595,0.14622739264170176,0.0058183242813502145
D13_PTZ_BTD_T_CAA,D13,PTZ,BTD,T,CAA,AM15G,0.4,0.31954743334139224,540.2574465106271,87.06984597340649,0.36970054919414536,0.3851476297451516,0.19263006566306046,0.05252175539764254
D13_PTZ_BTD_T_CAA,D13,PTZ,BTD,T,CAA,CIEFL10,0.4,0.4166536936925205,530.198162443312,66.43546020134981,0.3708225582553697,0.43730919633458504,0.18505294888316703,0.006815296526878287
D13_PTZ_BTD_T_CAA,D13,PTZ,BTD,T,CAA,LEDB2,0.4,0.3379026632034525,566.1947821721033,65.2998258431127,0.174223975413537,0.5049628730484567,0.3057495789316936,0.015063572606312626
D13_PTZ_BTD_T_CAA,D13,PTZ,BTD,T,CAA,LEDB3,0.4,0.3784117069239145,546.8631024493001,66.93221148642594,0.26223419132894454,0.5079624626391456,0.22103610657470957,0.008767239457200296
D13_PTZ_BTD_T_CAA,D13,PTZ,BTD,T,CAA,LEDB4,0.4,0.39759509692599104,537.5674423337808,66.76766780108213,0.3096846902842868,0.509637526388269,0.172442048351605,0.008235734975839171
D14_PTZ_BTD_T_RAA,D14,PTZ,BTD,T,RAA,AM15G,0.4,0.3879275916947427,547.2595331556662,88.47949052736733,0.34145491106286824,0.3850206223769241,0.211703287592522,0.061821178967685735
D14_PTZ_BTD_T_RAA,D14,PTZ,BTD,T,RAA,CIEFL10,0.4,0.5011990187386991,534.1085375692047,66.55046422258812,0.3479966543234587,0.4428204242623003,0.20117955993829947,0.008003361475941655
D14_PTZ_BTD_T_RAA,D14,PTZ,BTD,T,RAA,LEDB2,0.4,0.4200077245520599,570.057278152254,65.17618672824838,0.15941596701977573,0.49767471250164935,0.3256992900527469,0.017210030425828055
D14_PTZ_BTD_T_RAA,D14,PTZ,BTD,T,RAA,LEDB3,0.4,0.4623066036657327,550.8569665526785,67.2111479153758,0.24355268915409634,0.5070596588185178,0.23920081327195816,0.010186838755427776
D14_PTZ_BTD_T_RAA,D14,PTZ,BTD,T,RAA,LEDB4,0.4,0.481807966580392,541.4836247778433,67.29564364784278,0.28948561293913166,0.5128092888720673,0.1880456690028318,0.009659429185969303
D15_PTZ_BTD_TT_CAA,D15,PTZ,BTD,TT,CAA,AM15G,0.4,0.3859886248156901,546.1947444022455,88.53578657580967,0.34626585677674127,0.3837225686290399,0.20924984171260297,0.0607617328816159
D15_PTZ_BTD_TT_CAA,D15,PTZ,BTD,TT,CAA,CIEFL10,0.4,0.4987462528387696,533.474844320012,66.6757391633309,0.35188606896869634,0.4410822585388909,0.19915883976464474,0.007872832727767927
D15_PTZ_BTD_TT_CAA,D15,PTZ,BTD,TT,CAA,LEDB2,0.4,0.4159345188192675,569.6124318162,65.2621218685348,0.16144317329806815,0.49789583041921914,0.32365694217000973,0.017004054112702904
D15_PTZ_BTD_TT_CAA,D15,PTZ,BTD,TT,CAA,LEDB3,0.4,0.45882791047421567,550.3425244814126,67.26490387964532,0.24635327627740028,0.5063935855422182,0.23720992122012202,0.01004321696025937
D15_PTZ_BTD_TT_CAA,D15,PTZ,BTD,TT,CAA,LEDB4,0.4,0.4787062887481289,540.9543561253547,67.31603604378826,0.2926310948888568,0.5115730982353497,0.18628395898676084,0.009511847889032714
D16_PTZ_BTD_TT_RAA,D16,PTZ,BTD,TT,RAA,AM15G,0.4,0.44232143246689626,552.557795444526,89.79508597931871,0.32195326567981014,0.3813190025715935,0.22647435145364894,0.07025338029494722
D16_PTZ_BTD_TT_RAA,D16,PTZ,BTD,TT,RAA,CIEFL10,0.4,0.5650822912227192,536.9021612069289,66.77926671873621,0.33250500076241435,0.44454132806976876,0.21385187203268521,0.00910179913513174
D16_PTZ_BTD_TT_RAA,D16,PTZ,BTD,TT,RAA,LEDB2,0.4,0.48511720661872587,573.0446072822176,65.15914695626404,0.14908551208473894,0.49005641786780535,0.3416603569079369,0.019197713139518707
D16_PTZ_BTD_TT_RAA,D16,PTZ,BTD,TT,RAA,LEDB3,0.4,0.5270652848558623,553.9032821438909,67.49766535147843,0.2305054928414348,0.5041079944775496,0.25387850523662037,0.011508007444395252
D16_PTZ_BTD_TT_RAA,D16,PTZ,BTD,TT,RAA,LEDB4,0.4,0.5459150951726631,544.4589913151939,67.77931064513871,0.27539573106924337,0.5128715302367439,0.20074039216209164,0.010992346531921054
