sigma_ev,light_source,order,term,response,mean_plus,mean_minus,effect,abs_effect
0.3,AM15G,1,Aux,PCF,0.35967210664159543,0.2697381608100117,0.08993394583158376,0.08993394583158376
0.3,AM15G,1,Bridge,PCF,0.3387489079613188,0.29066135949028826,0.04808754847103053,0.04808754847103053
0.3,AM15G,1,Anchor,PCF,0.3383445515187641,0.29106571593284297,0.04727883558592111,0.04727883558592111
0.3,AM15G,1,Donor,PCF,0.30320630124414893,0.3262039662074582,-0.02299766496330924,0.02299766496330924
0.3,AM15G,2,Aux×Bridge,PCF,0.3187557726561727,0.31065449479543433,0.008101277860738387,0.008101277860738387
0.3,AM15G,2,Donor×Anchor,PCF,0.3178009962047386,0.31160927124686844,0.006191724957870182,0.006191724957870182
0.3,AM15G,2,Donor×Aux,PCF,0.3176499603550712,0.31176030709653585,0.0058896532585353545,0.0058896532585353545
0.3,AM15G,2,Bridge×Anchor,PCF,0.3137255399817783,0.31568472746982873,-0.0019591874880504068,0.0019591874880504068
0.3,AM15G,2,Donor×Bridge,PCF,0.3137283660020328,0.3156819014495742,-0.001953535447541399,0.001953535447541399
0.3,AM15G,2,Aux×Anchor,PCF,0.3151634841934291,0.31424678325817795,0.0009167009352511468,0.0009167009352511468
0.3,CIEFL10,1,Aux,PCF,0.501203776311976,0.3734635562726441,0.1277402200393319,0.1277402200393319
0.3,CIEFL10,1,Anchor,PCF,0.471465500663962,0.40320183192065806,0.06826366874330392,0.06826366874330392
0.3,CIEFL10,1,Bridge,PCF,0.47117919102473815,0.40348814155988194,0.06769104946485621,0.06769104946485621
0.3,CIEFL10,1,Donor,PCF,0.42025814057852806,0.45440919200609203,-0.03415105142756397,0.03415105142756397
0.3,CIEFL10,2,Donor×Aux,PCF,0.44206054261660993,0.43260678996801016,0.009453752648599767,0.009453752648599767
0.3,CIEFL10,2,Aux×Bridge,PCF,0.4418517286140366,0.4328156039705835,0.009036124643453103,0.009036124643453103
0.3,CIEFL10,2,Donor×Anchor,PCF,0.44185158757520426,0.4328157450094158,0.009035842565788488,0.009035842565788488
0.3,CIEFL10,2,Bridge×Anchor,PCF,0.4359196863702631,0.438747646214357,-0.002827959844093897,0.002827959844093897
0.3,CIEFL10,2,Donor×Bridge,PCF,0.4360478402531233,0.4386194923314968,-0.0025716520783734542,0.0025716520783734542
0.3,CIEFL10,2,Aux×Anchor,PCF,0.4367499653966903,0.43791736718792973,-0.0011674017912394197,0.0011674017912394197
0.3,LEDB2,1,Aux,PCF,0.3888714055273983,0.24240621174657653,0.14646519378082176,0.14646519378082176
0.3,LEDB2,1,Bridge,PCF,0.3462995053710024,0.28497811190297234,0.06132139346803006,0.06132139346803006
0.3,LEDB2,1,Anchor,PCF,0.34618113763576996,0.28509647963820484,0.06108465799756513,0.06108465799756513
0.3,LEDB2,1,Donor,PCF,0.299656345516332,0.3316212717576428,-0.031964926241310754,0.031964926241310754
0.3,LEDB2,2,Aux×Bridge,PCF,0.32234038889526173,0.30893722837871307,0.013403160516548662,0.013403160516548662
0.3,LEDB2,2,Donor×Anchor,PCF,0.31981244626757577,0.31146517100639903,0.008347275261176734,0.008347275261176734
0.3,LEDB2,2,Donor×Bridge,PCF,0.3129661020034786,0.31831151527049617,-0.005345413267017596,0.005345413267017596
0.3,LEDB2,2,Donor×Aux,PCF,0.3180257859863471,0.3132518312876277,0.00477395469871944,0.00477395469871944
0.3,LEDB2,2,Bridge×Anchor,PCF,0.31636371108972744,0.3149139061842473,0.0014498049054801343,0.0014498049054801343
0.3,LEDB2,2,Aux×Anchor,PCF,0.316180213318055,0.3150974039559198,0.0010828093621352286,0.0010828093621352286
0.3,LEDB3,1,Aux,PCF,0.4484408899156308,0.31181800869385756,0.13662288122177324,0.13662288122177324
0.3,LEDB3,1,Anchor,PCF,0.41270558988752565,0.34755330872196266,0.06515228116556299,0.06515228116556299
0.3,LEDB3,1,Bridge,PCF,0.4124825618856174,0.347776336723871,0.0647062251617464,0.0647062251617464
0.3,LEDB3,1,Donor,PCF,0.3633074962372365,0.39695140237225185,-0.03364390613501533,0.03364390613501533
0.3,LEDB3,2,Aux×Bridge,PCF,0.3856598757372873,0.37459902287220104,0.01106085286508629,0.01106085286508629
0.3,LEDB3,2,Donor×Anchor,PCF,0.3845589188469992,0.37569997976248914,0.008858939084510076,0.008858939084510076
0.3,LEDB3,2,Donor×Aux,PCF,0.3836798192735474,0.376579079335941,0.007100739937606404,0.007100739937606404
0.3,LEDB3,2,Donor×Bridge,PCF,0.37817537204104673,0.38208352656844163,-0.0039081545273949025,0.0039081545273949025
0.3,LEDB3,2,Bridge×Anchor,PCF,0.3797953604182007,0.38046353819128764,-0.0006681777730869198,0.0006681777730869198
0.3,LEDB3,2,Aux×Anchor,PCF,0.38001648117335685,0.38024241743613146,-0.00022593626277461754,0.00022593626277461754
0.3,LEDB4,1,Aux,PCF,0.47681422641215776,0.3475885369435121,0.12922568946864565,0.12922568946864565
0.3,LEDB4,1,Anchor,PCF,0.4455700354289104,0.3788327279267595,0.0667373075021509,0.0667373075021509
0.3,LEDB4,1,Bridge,PCF,0.4451678074193457,0.37923495593632417,0.06593285148302153,0.06593285148302153
0.3,LEDB4,1,Donor,PCF,0.395121173544118,0.42928158981155184,-0.034160416267433824,0.034160416267433824
0.3,LEDB4,2,Aux×Bridge,PCF,0.4170849287343263,0.4073178346213435,0.009767094112982766,0.009767094112982766
0.3,LEDB4,2,Donor×Anchor,PCF,0.4166986448531104,0.4077041185025594,0.008994526350551035,0.008994526350551035
0.3,LEDB4,2,Donor×Aux,PCF,0.416345052273022,0.4080577110826479,0.008287341190374109,0.008287341190374109
0.3,LEDB4,2,Donor×Bridge,PCF,0.41067599569113594,0.413726767664534,-0.0030507719733980365,0.0030507719733980365
0.3,LEDB4,2,Bridge×Anchor,PCF,0.4112881447188909,0.4131146186367789,-0.001826473917887983,0.001826473917887983
0.3,LEDB4,2,Aux×Anchor,PCF,0.4118257955665063,0.41257696778916353,-0.0007511722226572481,0.0007511722226572481
