system,functional,state,reason,fragment_count,fragment_order,ifct_output,Donor_hole_percent,Donor_electron_percent,Bridge_hole_percent,Bridge_electron_percent,Anchor_hole_percent,Anchor_electron_percent,Donor_population_change_e,Bridge_population_change_e,Anchor_population_change_e,Donor_intrafragment_redistribution_e,Bridge_intrafragment_redistribution_e,Anchor_intrafragment_redistribution_e,Donor_to_Bridge_forward_e,Bridge_to_Donor_reverse_e,Donor_to_Bridge_net_e,Donor_to_Anchor_forward_e,Anchor_to_Donor_reverse_e,Donor_to_Anchor_net_e,Bridge_to_Anchor_forward_e,Anchor_to_Bridge_reverse_e,Bridge_to_Anchor_net_e,CT_percent,LE_percent,status,Aux_hole_percent,Aux_electron_percent,Aux_population_change_e,Aux_intrafragment_redistribution_e,Donor_to_Aux_forward_e,Aux_to_Donor_reverse_e,Donor_to_Aux_net_e,Aux_to_Bridge_forward_e,Bridge_to_Aux_reverse_e,Aux_to_Bridge_net_e,Aux_to_Anchor_forward_e,Anchor_to_Aux_reverse_e,Aux_to_Anchor_net_e
D01_TPA_NONE_T_CAA,CAMB3LYP,1,S1|brightest|visible_brightest|visible_f_target_set,3,Donor|Bridge|Anchor,/arf/scratch/gkurtay/tiy2/03_gaussian_preopt/05_ifct_batch24/D01_TPA_NONE_T_CAA_S1/D01_TPA_NONE_T_CAA_S1_IFCT.out,58.01,22.52,27.02,39.51,14.97,37.98,-0.35489,0.12485,0.23003,0.13063,0.10674,0.05686,0.22916,0.06085,0.16831,0.22029,0.03372,0.18657,0.10261,0.05915,0.04346,70.577,29.423,OK,,,,,,,,,,,,,
D02_TPA_NONE_T_RAA,CAMB3LYP,1,S1|brightest|visible_brightest|visible_f_target_set,3,Donor|Bridge|Anchor,/arf/scratch/gkurtay/tiy2/03_gaussian_preopt/05_ifct_batch24/D02_TPA_NONE_T_RAA_S1/D02_TPA_NONE_T_RAA_S1_IFCT.out,44.53,15.88,29.7,32.23,25.78,51.89,-0.2865,0.02538,0.26113,0.0707,0.09572,0.13375,0.14353,0.04715,0.09638,0.23105,0.04093,0.19012,0.15409,0.08309,0.071,69.983,30.017,OK,,,,,,,,,,,,,
D03_TPA_NONE_TT_CAA,CAMB3LYP,1,S1|brightest|visible_brightest|visible_f_target_set,3,Donor|Bridge|Anchor,/arf/scratch/gkurtay/tiy2/03_gaussian_preopt/05_ifct_batch24/D03_TPA_NONE_TT_CAA_S1/D03_TPA_NONE_TT_CAA_S1_IFCT.out,44.52,16.04,40.28,47.88,15.21,36.08,-0.28476,0.07601,0.20875,0.07142,0.19282,0.05487,0.21314,0.06461,0.14853,0.16063,0.02439,0.13624,0.14532,0.0728,0.07252,68.089,31.911,OK,,,,,,,,,,,,,
D04_TPA_NONE_TT_RAA,CAMB3LYP,1,S1|brightest|visible_brightest|visible_f_target_set,3,Donor|Bridge|Anchor,/arf/scratch/gkurtay/tiy2/03_gaussian_preopt/05_ifct_batch24/D04_TPA_NONE_TT_RAA_S1/D04_TPA_NONE_TT_RAA_S1_IFCT.out,32.62,11.62,41.99,38.21,25.39,50.18,-0.21,-0.03788,0.24788,0.03789,0.16044,0.12741,0.12461,0.04878,0.07583,0.16366,0.02949,0.13417,0.21072,0.09701,0.11371,67.427,32.573,OK,,,,,,,,,,,,,
D05_TPA_BTD_T_CAA,CAMB3LYP,1,S1|brightest|visible_brightest|visible_f_target_set,4,Donor|Aux|Bridge|Anchor,/arf/scratch/gkurtay/tiy2/03_gaussian_preopt/05_ifct_batch24/D05_TPA_BTD_T_CAA_S1/D05_TPA_BTD_T_CAA_S1_IFCT.out,44.76,9.69,16.79,19.67,7.88,15.55,-0.35074,0.0288,0.07666,0.04337,0.03301,0.01225,0.08803,0.01626,0.07177,0.0696,0.00764,0.06196,0.0261,0.0155,0.0106,74.294,25.706,OK,30.57,55.1,0.24528,0.16843,0.24663,0.02962,0.21702,0.06012,0.09249,-0.03237,0.04753,0.04343,0.0041
D05_TPA_BTD_T_CAA,CAMB3LYP,2,visible_f_target_set,4,Donor|Aux|Bridge|Anchor,/arf/scratch/gkurtay/tiy2/03_gaussian_preopt/05_ifct_batch24/D05_TPA_BTD_T_CAA_S2/D05_TPA_BTD_T_CAA_S2_IFCT.out,38.95,5.97,28.1,24.87,16.35,29.57,-0.32981,-0.03229,0.13225,0.02326,0.06989,0.04834,0.09688,0.01678,0.0801,0.11519,0.00976,0.10543,0.0831,0.04066,0.04244,79.28,20.72,OK,16.6,39.59,0.22985,0.06571,0.15419,0.00991,0.14428,0.04129,0.11124,-0.06995,0.04909,0.06471,-0.01562
D06_TPA_BTD_T_RAA,CAMB3LYP,1,S1|brightest|visible_brightest|visible_f_target_set,4,Donor|Aux|Bridge|Anchor,/arf/scratch/gkurtay/tiy2/03_gaussian_preopt/05_ifct_batch24/D06_TPA_BTD_T_RAA_S1/D06_TPA_BTD_T_RAA_S1_IFCT.out,34.88,8.21,20.62,18.74,14.42,22.03,-0.2667,-0.01882,0.07607,0.02863,0.03864,0.03177,0.06536,0.01693,0.04843,0.07684,0.01184,0.065,0.04543,0.02703,0.0184,74.75,25.25,OK,30.08,51.02,0.20945,0.15345,0.17796,0.02469,0.15327,0.05636,0.10521,-0.04885,0.06626,0.07359,-0.00733
D06_TPA_BTD_T_RAA,CAMB3LYP,2,visible_f_target_set,4,Donor|Aux|Bridge|Anchor,/arf/scratch/gkurtay/tiy2/03_gaussian_preopt/05_ifct_batch24/D06_TPA_BTD_T_RAA_S2/D06_TPA_BTD_T_RAA_S2_IFCT.out,35.63,5.15,22.38,17.29,28.33,39.75,-0.30475,-0.05093,0.11416,0.01836,0.0387,0.11261,0.0616,0.01154,0.05007,0.14162,0.0146,0.12702,0.08897,0.04898,0.03998,77.869,22.131,OK,13.66,37.81,0.24152,0.05163,0.13471,0.00704,0.12767,0.02361,0.08463,-0.06101,0.05428,0.10712,-0.05283
D07_TPA_BTD_TT_CAA,CAMB3LYP,1,S1|brightest|visible_brightest|visible_f_target_set,4,Donor|Aux|Bridge|Anchor,/arf/scratch/gkurtay/tiy2/03_gaussian_preopt/05_ifct_batch24/D07_TPA_BTD_TT_CAA_S1/D07_TPA_BTD_TT_CAA_S1_IFCT.out,36.28,8.68,26.28,24.93,7.69,14.52,-0.27601,-0.01352,0.06831,0.03149,0.06551,0.01116,0.09044,0.02281,0.06763,0.05267,0.00667,0.046,0.03815,0.01916,0.01899,73.75,26.25,OK,29.75,51.87,0.22121,0.15434,0.1882,0.02583,0.16238,0.07417,0.13632,-0.06215,0.04319,0.03987,0.00332
D07_TPA_BTD_TT_CAA,CAMB3LYP,2,visible_f_target_set,4,Donor|Aux|Bridge|Anchor,/arf/scratch/gkurtay/tiy2/03_gaussian_preopt/05_ifct_batch24/D07_TPA_BTD_TT_CAA_S2/D07_TPA_BTD_TT_CAA_S2_IFCT.out,35.64,5.42,35.39,29.22,15.43,28.36,-0.30212,-0.06178,0.12929,0.01933,0.10341,0.04377,0.10412,0.0192,0.08492,0.10107,0.00837,0.0927,0.10039,0.04509,0.05529,78.341,21.659,OK,13.54,37.0,0.23461,0.05008,0.13184,0.00734,0.1245,0.03955,0.13095,-0.0914,0.03839,0.0571,-0.01871
D08_TPA_BTD_TT_RAA,CAMB3LYP,1,S1|brightest|visible_brightest|visible_f_target_set,4,Donor|Aux|Bridge|Anchor,/arf/scratch/gkurtay/tiy2/03_gaussian_preopt/05_ifct_batch24/D08_TPA_BTD_TT_RAA_S1/D08_TPA_BTD_TT_RAA_S1_IFCT.out,28.38,7.3,30.74,24.17,13.56,21.66,-0.21078,-0.06569,0.08095,0.02073,0.07429,0.02938,0.0686,0.02245,0.04614,0.06147,0.00991,0.05156,0.06657,0.03278,0.03379,74.758,25.242,OK,27.32,46.87,0.19552,0.12803,0.13303,0.01995,0.11307,0.06602,0.14406,-0.07804,0.05916,0.06357,-0.00441
D08_TPA_BTD_TT_RAA,CAMB3LYP,2,visible_f_target_set,4,Donor|Aux|Bridge|Anchor,/arf/scratch/gkurtay/tiy2/03_gaussian_preopt/05_ifct_batch24/D08_TPA_BTD_TT_RAA_S2/D08_TPA_BTD_TT_RAA_S2_IFCT.out,32.52,4.78,28.25,20.15,24.5,36.63,-0.27742,-0.08097,0.12127,0.01555,0.05691,0.08976,0.06553,0.01351,0.05202,0.11914,0.01172,0.10742,0.10347,0.04937,0.05409,78.117,21.883,OK,14.73,38.44,0.23712,0.05661,0.12501,0.00704,0.11797,0.02967,0.10857,-0.0789,0.05395,0.09419,-0.04025
D09_PTZ_NONE_T_CAA,CAMB3LYP,1,S1|brightest|visible_brightest|visible_f_target_set,3,Donor|Bridge|Anchor,/arf/scratch/gkurtay/tiy2/03_gaussian_preopt/05_ifct_batch24/D09_PTZ_NONE_T_CAA_S1/D09_PTZ_NONE_T_CAA_S1_IFCT.out,63.38,24.04,23.78,38.97,12.84,36.98,-0.39334,0.15196,0.24138,0.15238,0.09268,0.0475,0.24701,0.05717,0.18984,0.23438,0.03088,0.2035,0.08794,0.05006,0.03788,70.744,29.256,OK,,,,,,,,,,,,,
D10_PTZ_NONE_T_RAA,CAMB3LYP,1,S1|brightest|visible_brightest|visible_f_target_set,3,Donor|Bridge|Anchor,/arf/scratch/gkurtay/tiy2/03_gaussian_preopt/05_ifct_batch24/D10_PTZ_NONE_T_RAA_S1/D10_PTZ_NONE_T_RAA_S1_IFCT.out,46.79,16.85,28.03,32.31,25.18,50.84,-0.29937,0.04278,0.25659,0.07885,0.09057,0.12801,0.15117,0.04724,0.10393,0.23786,0.04243,0.19543,0.14251,0.08135,0.06116,70.257,29.743,OK,,,,,,,,,,,,,
D11_PTZ_NONE_TT_CAA,CAMB3LYP,1,S1|brightest|visible_brightest|visible_f_target_set,3,Donor|Bridge|Anchor,/arf/scratch/gkurtay/tiy2/03_gaussian_preopt/05_ifct_batch24/D11_PTZ_NONE_TT_CAA_S1/D11_PTZ_NONE_TT_CAA_S1_IFCT.out,47.52,16.82,38.05,46.75,14.43,36.43,-0.30696,0.08702,0.21994,0.07993,0.1779,0.05257,0.22216,0.06401,0.15815,0.17309,0.02428,0.14881,0.1386,0.06747,0.07113,68.96,31.04,OK,,,,,,,,,,,,,
D12_PTZ_NONE_TT_RAA,CAMB3LYP,1,S1|brightest|visible_brightest|visible_f_target_set,3,Donor|Bridge|Anchor,/arf/scratch/gkurtay/tiy2/03_gaussian_preopt/05_ifct_batch24/D12_PTZ_NONE_TT_RAA_S1/D12_PTZ_NONE_TT_RAA_S1_IFCT.out,33.21,11.69,41.5,37.91,25.29,50.4,-0.21517,-0.03588,0.25105,0.03882,0.15735,0.12745,0.1259,0.04852,0.07738,0.16735,0.02957,0.13778,0.20915,0.09588,0.11327,67.638,32.362,OK,,,,,,,,,,,,,
D13_PTZ_BTD_T_CAA,CAMB3LYP,1,S1|brightest|visible_brightest|visible_f_target_set,4,Donor|Aux|Bridge|Anchor,/arf/scratch/gkurtay/tiy2/03_gaussian_preopt/05_ifct_batch24/D13_PTZ_BTD_T_CAA_S1/D13_PTZ_BTD_T_CAA_S1_IFCT.out,48.0,9.61,15.95,19.29,7.14,15.4,-0.38387,0.03339,0.08264,0.04614,0.03078,0.011,0.0926,0.01533,0.07726,0.07393,0.00686,0.06707,0.02457,0.01377,0.0108,75.109,24.891,OK,28.91,55.69,0.26784,0.161,0.26732,0.02779,0.23953,0.05577,0.08884,-0.03307,0.04453,0.03976,0.00477
D13_PTZ_BTD_T_CAA,CAMB3LYP,2,visible_f_target_set,4,Donor|Aux|Bridge|Anchor,/arf/scratch/gkurtay/tiy2/03_gaussian_preopt/05_ifct_batch24/D13_PTZ_BTD_T_CAA_S2/D13_PTZ_BTD_T_CAA_S2_IFCT.out,44.98,8.88,25.59,23.99,14.8,26.25,-0.36094,-0.01601,0.11451,0.03994,0.06139,0.03884,0.10789,0.02273,0.08517,0.11805,0.01314,0.10491,0.06717,0.0355,0.03167,79.999,20.001,OK,14.64,40.88,0.26244,0.05984,0.18386,0.013,0.17086,0.03511,0.10462,-0.0695,0.03842,0.06049,-0.02207
D14_PTZ_BTD_T_RAA,CAMB3LYP,1,S1|brightest|visible_brightest|visible_f_target_set,4,Donor|Aux|Bridge|Anchor,/arf/scratch/gkurtay/tiy2/03_gaussian_preopt/05_ifct_batch24/D14_PTZ_BTD_T_RAA_S1/D14_PTZ_BTD_T_RAA_S1_IFCT.out,37.27,8.3,20.01,18.78,14.06,21.83,-0.28968,-0.01236,0.07776,0.03092,0.03759,0.0307,0.06998,0.01661,0.05337,0.08137,0.01167,0.0697,0.0437,0.0264,0.0173,75.437,24.563,OK,28.66,51.09,0.22428,0.14643,0.19039,0.02378,0.1666,0.05382,0.10225,-0.04843,0.06258,0.07182,-0.00924
D14_PTZ_BTD_T_RAA,CAMB3LYP,2,visible_f_target_set,4,Donor|Aux|Bridge|Anchor,/arf/scratch/gkurtay/tiy2/03_gaussian_preopt/05_ifct_batch24/D14_PTZ_BTD_T_RAA_S2/D14_PTZ_BTD_T_RAA_S2_IFCT.out,43.61,8.05,20.65,17.8,25.55,36.03,-0.3556,-0.02843,0.10483,0.0351,0.03676,0.09204,0.07764,0.01662,0.06102,0.15712,0.02056,0.13656,0.07439,0.04549,0.02891,79.723,20.277,OK,10.2,38.12,0.2792,0.03886,0.16622,0.00821,0.15801,0.01815,0.0787,-0.06055,0.03674,0.09738,-0.06064
D15_PTZ_BTD_TT_CAA,CAMB3LYP,1,S1|brightest|visible_brightest|visible_f_target_set,4,Donor|Aux|Bridge|Anchor,/arf/scratch/gkurtay/tiy2/03_gaussian_preopt/05_ifct_batch24/D15_PTZ_BTD_TT_CAA_S1/D15_PTZ_BTD_TT_CAA_S1_IFCT.out,39.24,8.73,25.34,24.84,7.5,14.47,-0.30509,-0.00494,0.06964,0.03425,0.06295,0.01086,0.09749,0.02212,0.07537,0.05677,0.00655,0.05022,0.03666,0.01864,0.01801,74.688,25.312,OK,27.92,51.96,0.24039,0.14506,0.20388,0.02437,0.17951,0.06936,0.13165,-0.06229,0.04039,0.03899,0.0014
D15_PTZ_BTD_TT_CAA,CAMB3LYP,2,visible_f_target_set,4,Donor|Aux|Bridge|Anchor,/arf/scratch/gkurtay/tiy2/03_gaussian_preopt/05_ifct_batch24/D15_PTZ_BTD_TT_CAA_S2/D15_PTZ_BTD_TT_CAA_S2_IFCT.out,44.63,8.43,31.97,28.11,13.47,25.27,-0.362,-0.03858,0.11808,0.03761,0.08989,0.03403,0.12547,0.02694,0.09853,0.11279,0.01135,0.10144,0.0808,0.03786,0.04295,80.053,19.947,OK,9.93,38.18,0.2825,0.03794,0.17041,0.00837,0.16204,0.02793,0.12209,-0.09415,0.02511,0.05142,-0.02631
D16_PTZ_BTD_TT_RAA,CAMB3LYP,1,S1|brightest|visible_brightest|visible_f_target_set,4,Donor|Aux|Bridge|Anchor,/arf/scratch/gkurtay/tiy2/03_gaussian_preopt/05_ifct_batch24/D16_PTZ_BTD_TT_RAA_S1/D16_PTZ_BTD_TT_RAA_S1_IFCT.out,30.27,7.53,29.77,23.62,13.37,21.35,-0.22739,-0.06151,0.07974,0.02279,0.07029,0.02854,0.07148,0.02241,0.04907,0.06461,0.01007,0.05454,0.06354,0.03158,0.03196,75.203,24.797,OK,26.59,47.51,0.20916,0.12634,0.14381,0.02002,0.12378,0.0628,0.14142,-0.07861,0.05676,0.06352,-0.00676
D16_PTZ_BTD_TT_RAA,CAMB3LYP,2,visible_f_target_set,4,Donor|Aux|Bridge|Anchor,/arf/scratch/gkurtay/tiy2/03_gaussian_preopt/05_ifct_batch24/D16_PTZ_BTD_TT_RAA_S2/D16_PTZ_BTD_TT_RAA_S2_IFCT.out,38.47,6.71,26.75,20.49,23.64,35.36,-0.31761,-0.06263,0.11717,0.02579,0.05481,0.08361,0.07881,0.01794,0.06087,0.13602,0.01585,0.12017,0.09459,0.04844,0.04615,79.408,20.592,OK,11.14,37.45,0.26307,0.04171,0.14404,0.00747,0.13657,0.02282,0.10017,-0.07735,0.03939,0.08854,-0.04915
